date,series,price,unit,source
2026-06-16,DRAM_DDR4_16Gb_3200,67.500,USD,kiwoom
2026-06-17,DRAM_DDR4_16Gb_3200,68.100,USD,kiwoom
2026-06-18,DRAM_DDR4_16Gb_3200,68.500,USD,kiwoom
2026-06-19,DRAM_DDR4_16Gb_3200,69.100,USD,kiwoom
2026-06-22,DRAM_DDR4_16Gb_3200,69.100,USD,kiwoom
2026-06-23,DRAM_DDR4_16Gb_3200,69.800,USD,kiwoom
2026-06-24,DRAM_DDR4_16Gb_3200,70.600,USD,kiwoom
2026-06-25,DRAM_DDR4_16Gb_3200,71.300,USD,kiwoom
2026-06-26,DRAM_DDR4_16Gb_3200,71.600,USD,kiwoom
2026-06-29,DRAM_DDR4_16Gb_3200,72.300,USD,kiwoom
2026-06-30,DRAM_DDR4_16Gb_3200,73.000,USD,kiwoom
2026-07-01,DRAM_DDR4_16Gb_3200,73.700,USD,kiwoom
2026-07-02,DRAM_DDR4_16Gb_3200,74.600,USD,kiwoom
2026-07-03,DRAM_DDR4_16Gb_3200,75.500,USD,kiwoom
2026-07-06,DRAM_DDR4_16Gb_3200,76.400,USD,kiwoom
2026-07-07,DRAM_DDR4_16Gb_3200,76.600,USD,kiwoom
2026-07-08,DRAM_DDR4_16Gb_3200,77.200,USD,kiwoom
2026-07-09,DRAM_DDR4_16Gb_3200,76.900,USD,kiwoom
2026-07-10,DRAM_DDR4_16Gb_3200,77.100,USD,kiwoom
2026-07-13,DRAM_DDR4_16Gb_3200,77.600,USD,kiwoom
2026-07-14,DRAM_DDR4_16Gb_3200,78.100,USD,kiwoom
2026-07-15,DRAM_DDR4_16Gb_3200,78.400,USD,kiwoom
2026-07-16,DRAM_DDR4_16Gb_3200,79.400,USD,kiwoom
2026-07-20,DRAM_DDR4_16Gb_3200,80.200,USD,kiwoom
2026-07-21,DRAM_DDR4_16Gb_3200,80.500,USD,kiwoom
2026-07-22,DRAM_DDR4_16Gb_3200,81.200,USD,kiwoom
2026-07-23,DRAM_DDR4_16Gb_3200,81.300,USD,kiwoom
2026-07-24,DRAM_DDR4_16Gb_3200,82.100,USD,kiwoom
2026-07-27,DRAM_DDR4_16Gb_3200,83.300,USD,kiwoom
2026-07-28,DRAM_DDR4_16Gb_3200,84.500,USD,kiwoom
2026-07-29,DRAM_DDR4_16Gb_3200,85.000,USD,kiwoom
2026-07-30,DRAM_DDR4_16Gb_3200,85.000,USD,kiwoom
2026-07-31,DRAM_DDR4_16Gb_3200,85.000,USD,kiwoom
2026-08-03,DRAM_DDR4_16Gb_3200,85.200,USD,kiwoom
2026-08-04,DRAM_DDR4_16Gb_3200,85.700,USD,kiwoom
2026-08-05,DRAM_DDR4_16Gb_3200,86.000,USD,kiwoom
2026-08-06,DRAM_DDR4_16Gb_3200,86.700,USD,kiwoom
2026-08-07,DRAM_DDR4_16Gb_3200,86.700,USD,kiwoom
2026-08-10,DRAM_DDR4_16Gb_3200,86.300,USD,kiwoom
2026-08-11,DRAM_DDR4_16Gb_3200,86.700,USD,kiwoom
2026-08-12,DRAM_DDR4_16Gb_3200,86.900,USD,kiwoom
2026-08-13,DRAM_DDR4_16Gb_3200,87.400,USD,kiwoom
2026-08-14,DRAM_DDR4_16Gb_3200,87.700,USD,kiwoom
2026-08-18,DRAM_DDR4_16Gb_3200,88.900,USD,kiwoom
2026-08-19,DRAM_DDR4_16Gb_3200,89.400,USD,kiwoom
2026-08-20,DRAM_DDR4_16Gb_3200,90.100,USD,kiwoom
2026-08-21,DRAM_DDR4_16Gb_3200,90.600,USD,kiwoom
2026-08-24,DRAM_DDR4_16Gb_3200,91.100,USD,kiwoom
2026-08-25,DRAM_DDR4_16Gb_3200,91.300,USD,kiwoom
2026-08-26,DRAM_DDR4_16Gb_3200,90.600,USD,kiwoom
2026-08-27,DRAM_DDR4_16Gb_3200,91.000,USD,kiwoom
2026-08-28,DRAM_DDR4_16Gb_3200,91.000,USD,kiwoom
2026-08-31,DRAM_DDR4_16Gb_3200,91.300,USD,kiwoom
2026-09-01,DRAM_DDR4_16Gb_3200,91.800,USD,kiwoom
2026-09-02,DRAM_DDR4_16Gb_3200,92.000,USD,kiwoom
2026-09-03,DRAM_DDR4_16Gb_3200,92.600,USD,kiwoom
2026-09-04,DRAM_DDR4_16Gb_3200,92.900,USD,kiwoom
2026-09-07,DRAM_DDR4_16Gb_3200,93.250,USD,dramexchange
2026-09-08,DRAM_DDR4_16Gb_3200,91.750,USD,dramexchange
2026-09-09,DRAM_DDR4_16Gb_3200,91.000,USD,dramexchange
2026-09-10,DRAM_DDR4_16Gb_3200,90.500,USD,dramexchange
2026-09-11,DRAM_DDR4_16Gb_3200,89.750,USD,dramexchange
2026-09-14,DRAM_DDR4_16Gb_3200,89.250,USD,dramexchange
2026-09-15,DRAM_DDR4_16Gb_3200,89.125,USD,dramexchange
2026-09-16,DRAM_DDR4_16Gb_3200,87.625,USD,dramexchange
2026-09-17,DRAM_DDR4_16Gb_3200,86.000,USD,dramexchange
2026-09-18,DRAM_DDR4_16Gb_3200,85.750,USD,dramexchange
2026-09-21,DRAM_DDR4_16Gb_3200,85.000,USD,dramexchange
2026-09-22,DRAM_DDR4_16Gb_3200,84.500,USD,dramexchange
2026-09-23,DRAM_DDR4_16Gb_3200,84.375,USD,dramexchange
2026-09-24,DRAM_DDR4_16Gb_3200,83.784,USD,dramexchange
2026-09-28,DRAM_DDR4_16Gb_3200,83.660,USD,dramexchange
2026-09-29,DRAM_DDR4_16Gb_3200,83.660,USD,dramexchange
2026-09-30,DRAM_DDR4_16Gb_3200,83.686,USD,dramexchange
2026-10-01,DRAM_DDR4_16Gb_3200,83.662,USD,dramexchange
2026-10-02,DRAM_DDR4_16Gb_3200,83.588,USD,dramexchange
2026-09-07,DRAM_DDR4_8Gb_3200,45.357,USD,dramexchange
2026-09-08,DRAM_DDR4_8Gb_3200,45.364,USD,dramexchange
2026-09-09,DRAM_DDR4_8Gb_3200,45.321,USD,dramexchange
2026-09-10,DRAM_DDR4_8Gb_3200,45.279,USD,dramexchange
2026-09-11,DRAM_DDR4_8Gb_3200,45.214,USD,dramexchange
2026-09-14,DRAM_DDR4_8Gb_3200,45.571,USD,dramexchange
2026-09-15,DRAM_DDR4_8Gb_3200,45.536,USD,dramexchange
2026-09-16,DRAM_DDR4_8Gb_3200,45.786,USD,dramexchange
2026-09-17,DRAM_DDR4_8Gb_3200,46.143,USD,dramexchange
2026-09-18,DRAM_DDR4_8Gb_3200,46.036,USD,dramexchange
2026-09-21,DRAM_DDR4_8Gb_3200,46.036,USD,dramexchange
2026-09-22,DRAM_DDR4_8Gb_3200,46.036,USD,dramexchange
2026-09-23,DRAM_DDR4_8Gb_3200,45.893,USD,dramexchange
2026-09-24,DRAM_DDR4_8Gb_3200,46.107,USD,dramexchange
2026-09-28,DRAM_DDR4_8Gb_3200,46.214,USD,dramexchange
2026-09-29,DRAM_DDR4_8Gb_3200,46.321,USD,dramexchange
2026-09-30,DRAM_DDR4_8Gb_3200,46.321,USD,dramexchange
2026-10-01,DRAM_DDR4_8Gb_3200,46.321,USD,dramexchange
2026-10-02,DRAM_DDR4_8Gb_3200,46.321,USD,dramexchange
2026-06-16,DRAM_DDR5_16Gb_4800,45.000,USD,kiwoom
2026-06-17,DRAM_DDR5_16Gb_4800,45.200,USD,kiwoom
2026-06-18,DRAM_DDR5_16Gb_4800,45.400,USD,kiwoom
2026-06-19,DRAM_DDR5_16Gb_4800,46.000,USD,kiwoom
2026-06-22,DRAM_DDR5_16Gb_4800,46.000,USD,kiwoom
2026-06-23,DRAM_DDR5_16Gb_4800,46.200,USD,kiwoom
2026-06-24,DRAM_DDR5_16Gb_4800,46.500,USD,kiwoom
2026-06-25,DRAM_DDR5_16Gb_4800,46.700,USD,kiwoom
2026-06-26,DRAM_DDR5_16Gb_4800,46.700,USD,kiwoom
2026-06-29,DRAM_DDR5_16Gb_4800,46.700,USD,kiwoom
2026-06-30,DRAM_DDR5_16Gb_4800,46.700,USD,kiwoom
2026-07-01,DRAM_DDR5_16Gb_4800,46.800,USD,kiwoom
2026-07-02,DRAM_DDR5_16Gb_4800,46.800,USD,kiwoom
2026-07-03,DRAM_DDR5_16Gb_4800,46.600,USD,kiwoom
2026-07-06,DRAM_DDR5_16Gb_4800,46.700,USD,kiwoom
2026-07-07,DRAM_DDR5_16Gb_4800,47.000,USD,kiwoom
2026-07-08,DRAM_DDR5_16Gb_4800,47.100,USD,kiwoom
2026-07-09,DRAM_DDR5_16Gb_4800,47.100,USD,kiwoom
2026-07-10,DRAM_DDR5_16Gb_4800,47.800,USD,kiwoom
2026-07-13,DRAM_DDR5_16Gb_4800,47.800,USD,kiwoom
2026-07-14,DRAM_DDR5_16Gb_4800,48.300,USD,kiwoom
2026-07-15,DRAM_DDR5_16Gb_4800,48.500,USD,kiwoom
2026-07-16,DRAM_DDR5_16Gb_4800,48.900,USD,kiwoom
2026-07-20,DRAM_DDR5_16Gb_4800,49.700,USD,kiwoom
2026-07-21,DRAM_DDR5_16Gb_4800,49.800,USD,kiwoom
2026-07-22,DRAM_DDR5_16Gb_4800,50.100,USD,kiwoom
2026-07-23,DRAM_DDR5_16Gb_4800,50.300,USD,kiwoom
2026-07-24,DRAM_DDR5_16Gb_4800,50.500,USD,kiwoom
2026-07-27,DRAM_DDR5_16Gb_4800,50.800,USD,kiwoom
2026-07-28,DRAM_DDR5_16Gb_4800,50.800,USD,kiwoom
2026-07-29,DRAM_DDR5_16Gb_4800,50.900,USD,kiwoom
2026-07-30,DRAM_DDR5_16Gb_4800,50.900,USD,kiwoom
2026-07-31,DRAM_DDR5_16Gb_4800,51.000,USD,kiwoom
2026-08-03,DRAM_DDR5_16Gb_4800,51.000,USD,kiwoom
2026-08-04,DRAM_DDR5_16Gb_4800,51.300,USD,kiwoom
2026-08-05,DRAM_DDR5_16Gb_4800,51.300,USD,kiwoom
2026-08-06,DRAM_DDR5_16Gb_4800,51.300,USD,kiwoom
2026-08-07,DRAM_DDR5_16Gb_4800,51.500,USD,kiwoom
2026-08-10,DRAM_DDR5_16Gb_4800,51.600,USD,kiwoom
2026-08-11,DRAM_DDR5_16Gb_4800,51.800,USD,kiwoom
2026-08-12,DRAM_DDR5_16Gb_4800,52.100,USD,kiwoom
2026-08-13,DRAM_DDR5_16Gb_4800,52.500,USD,kiwoom
2026-08-14,DRAM_DDR5_16Gb_4800,52.700,USD,kiwoom
2026-08-18,DRAM_DDR5_16Gb_4800,52.700,USD,kiwoom
2026-08-19,DRAM_DDR5_16Gb_4800,52.700,USD,kiwoom
2026-08-20,DRAM_DDR5_16Gb_4800,53.300,USD,kiwoom
2026-08-21,DRAM_DDR5_16Gb_4800,53.800,USD,kiwoom
2026-08-24,DRAM_DDR5_16Gb_4800,54.100,USD,kiwoom
2026-08-25,DRAM_DDR5_16Gb_4800,54.200,USD,kiwoom
2026-08-26,DRAM_DDR5_16Gb_4800,54.200,USD,kiwoom
2026-08-27,DRAM_DDR5_16Gb_4800,54.000,USD,kiwoom
2026-08-28,DRAM_DDR5_16Gb_4800,48.000,USD,kiwoom
2026-08-31,DRAM_DDR5_16Gb_4800,53.900,USD,kiwoom
2026-09-01,DRAM_DDR5_16Gb_4800,53.900,USD,kiwoom
2026-09-02,DRAM_DDR5_16Gb_4800,54.100,USD,kiwoom
2026-09-03,DRAM_DDR5_16Gb_4800,54.300,USD,kiwoom
2026-09-04,DRAM_DDR5_16Gb_4800,54.000,USD,kiwoom
2026-09-07,DRAM_DDR5_16Gb_4800,54.300,USD,dramexchange
2026-09-08,DRAM_DDR5_16Gb_4800,54.333,USD,dramexchange
2026-09-09,DRAM_DDR5_16Gb_4800,54.500,USD,dramexchange
2026-09-10,DRAM_DDR5_16Gb_4800,54.333,USD,dramexchange
2026-09-11,DRAM_DDR5_16Gb_4800,54.333,USD,dramexchange
2026-09-14,DRAM_DDR5_16Gb_4800,54.333,USD,dramexchange
2026-09-15,DRAM_DDR5_16Gb_4800,54.400,USD,dramexchange
2026-09-16,DRAM_DDR5_16Gb_4800,54.833,USD,dramexchange
2026-09-17,DRAM_DDR5_16Gb_4800,55.233,USD,dramexchange
2026-09-18,DRAM_DDR5_16Gb_4800,56.000,USD,dramexchange
2026-09-21,DRAM_DDR5_16Gb_4800,56.933,USD,dramexchange
2026-09-22,DRAM_DDR5_16Gb_4800,57.167,USD,dramexchange
2026-09-23,DRAM_DDR5_16Gb_4800,57.500,USD,dramexchange
2026-09-24,DRAM_DDR5_16Gb_4800,57.667,USD,dramexchange
2026-09-28,DRAM_DDR5_16Gb_4800,57.833,USD,dramexchange
2026-09-29,DRAM_DDR5_16Gb_4800,57.833,USD,dramexchange
2026-09-30,DRAM_DDR5_16Gb_4800,57.900,USD,dramexchange
2026-10-01,DRAM_DDR5_16Gb_4800,57.933,USD,dramexchange
2026-10-02,DRAM_DDR5_16Gb_4800,58.000,USD,dramexchange
2026-09-07,NAND_1Tb_QLC_CFM,26.000,USD,cfm
2026-09-08,NAND_1Tb_QLC_CFM,26.000,USD,cfm
2026-09-09,NAND_1Tb_QLC_CFM,26.000,USD,cfm
2026-09-10,NAND_1Tb_QLC_CFM,26.000,USD,cfm
2026-09-11,NAND_1Tb_QLC_CFM,26.000,USD,cfm
2026-09-14,NAND_1Tb_QLC_CFM,26.000,USD,cfm
2026-09-15,NAND_1Tb_QLC_CFM,26.000,USD,cfm
2026-09-16,NAND_1Tb_QLC_CFM,26.000,USD,cfm
2026-09-17,NAND_1Tb_QLC_CFM,26.000,USD,cfm
2026-09-18,NAND_1Tb_QLC_CFM,26.000,USD,cfm
2026-09-21,NAND_1Tb_QLC_CFM,26.000,USD,cfm
2026-09-22,NAND_1Tb_QLC_CFM,26.000,USD,cfm
2026-09-23,NAND_1Tb_QLC_CFM,26.000,USD,cfm
2026-09-24,NAND_1Tb_QLC_CFM,26.000,USD,cfm
2026-09-28,NAND_1Tb_QLC_CFM,26.000,USD,cfm
2026-09-29,NAND_1Tb_QLC_CFM,26.000,USD,cfm
2026-09-30,NAND_1Tb_QLC_CFM,26.000,USD,cfm
2026-09-07,NAND_1Tb_TLC_CFM,29.000,USD,cfm
2026-09-08,NAND_1Tb_TLC_CFM,29.000,USD,cfm
2026-09-09,NAND_1Tb_TLC_CFM,29.000,USD,cfm
2026-09-10,NAND_1Tb_TLC_CFM,29.000,USD,cfm
2026-09-11,NAND_1Tb_TLC_CFM,29.000,USD,cfm
2026-09-14,NAND_1Tb_TLC_CFM,29.000,USD,cfm
2026-09-15,NAND_1Tb_TLC_CFM,29.000,USD,cfm
2026-09-16,NAND_1Tb_TLC_CFM,29.000,USD,cfm
2026-09-17,NAND_1Tb_TLC_CFM,29.000,USD,cfm
2026-09-18,NAND_1Tb_TLC_CFM,29.000,USD,cfm
2026-09-21,NAND_1Tb_TLC_CFM,29.000,USD,cfm
2026-09-22,NAND_1Tb_TLC_CFM,29.000,USD,cfm
2026-09-23,NAND_1Tb_TLC_CFM,29.000,USD,cfm
2026-09-24,NAND_1Tb_TLC_CFM,29.000,USD,cfm
2026-09-28,NAND_1Tb_TLC_CFM,29.000,USD,cfm
2026-09-29,NAND_1Tb_TLC_CFM,29.000,USD,cfm
2026-09-30,NAND_1Tb_TLC_CFM,29.000,USD,cfm
2026-06-16,NAND_1Tb_TLC_KIWOOM,24.800,USD,kiwoom
2026-06-17,NAND_1Tb_TLC_KIWOOM,24.800,USD,kiwoom
2026-06-18,NAND_1Tb_TLC_KIWOOM,24.800,USD,kiwoom
2026-06-19,NAND_1Tb_TLC_KIWOOM,24.800,USD,kiwoom
2026-06-22,NAND_1Tb_TLC_KIWOOM,24.800,USD,kiwoom
2026-06-23,NAND_1Tb_TLC_KIWOOM,24.500,USD,kiwoom
2026-06-24,NAND_1Tb_TLC_KIWOOM,24.500,USD,kiwoom
2026-06-25,NAND_1Tb_TLC_KIWOOM,24.500,USD,kiwoom
2026-06-26,NAND_1Tb_TLC_KIWOOM,24.500,USD,kiwoom
2026-06-29,NAND_1Tb_TLC_KIWOOM,24.500,USD,kiwoom
2026-06-30,NAND_1Tb_TLC_KIWOOM,24.400,USD,kiwoom
2026-07-01,NAND_1Tb_TLC_KIWOOM,24.400,USD,kiwoom
2026-07-02,NAND_1Tb_TLC_KIWOOM,24.400,USD,kiwoom
2026-07-03,NAND_1Tb_TLC_KIWOOM,24.400,USD,kiwoom
2026-07-06,NAND_1Tb_TLC_KIWOOM,24.400,USD,kiwoom
2026-07-07,NAND_1Tb_TLC_KIWOOM,24.200,USD,kiwoom
2026-07-08,NAND_1Tb_TLC_KIWOOM,24.200,USD,kiwoom
2026-07-09,NAND_1Tb_TLC_KIWOOM,24.200,USD,kiwoom
2026-07-10,NAND_1Tb_TLC_KIWOOM,24.200,USD,kiwoom
2026-07-13,NAND_1Tb_TLC_KIWOOM,24.200,USD,kiwoom
2026-07-14,NAND_1Tb_TLC_KIWOOM,25.100,USD,kiwoom
2026-07-15,NAND_1Tb_TLC_KIWOOM,25.100,USD,kiwoom
2026-07-16,NAND_1Tb_TLC_KIWOOM,25.100,USD,kiwoom
2026-07-20,NAND_1Tb_TLC_KIWOOM,25.100,USD,kiwoom
2026-07-21,NAND_1Tb_TLC_KIWOOM,25.500,USD,kiwoom
2026-07-22,NAND_1Tb_TLC_KIWOOM,25.500,USD,kiwoom
2026-07-23,NAND_1Tb_TLC_KIWOOM,25.500,USD,kiwoom
2026-07-24,NAND_1Tb_TLC_KIWOOM,25.500,USD,kiwoom
2026-07-27,NAND_1Tb_TLC_KIWOOM,25.500,USD,kiwoom
2026-07-28,NAND_1Tb_TLC_KIWOOM,26.400,USD,kiwoom
2026-07-29,NAND_1Tb_TLC_KIWOOM,26.400,USD,kiwoom
2026-07-30,NAND_1Tb_TLC_KIWOOM,26.400,USD,kiwoom
2026-07-31,NAND_1Tb_TLC_KIWOOM,26.400,USD,kiwoom
2026-08-03,NAND_1Tb_TLC_KIWOOM,26.400,USD,kiwoom
2026-08-04,NAND_1Tb_TLC_KIWOOM,28.000,USD,kiwoom
2026-08-05,NAND_1Tb_TLC_KIWOOM,28.000,USD,kiwoom
2026-08-06,NAND_1Tb_TLC_KIWOOM,28.000,USD,kiwoom
2026-08-07,NAND_1Tb_TLC_KIWOOM,28.000,USD,kiwoom
2026-08-10,NAND_1Tb_TLC_KIWOOM,28.000,USD,kiwoom
2026-08-11,NAND_1Tb_TLC_KIWOOM,30.900,USD,kiwoom
2026-08-12,NAND_1Tb_TLC_KIWOOM,30.900,USD,kiwoom
2026-08-13,NAND_1Tb_TLC_KIWOOM,30.900,USD,kiwoom
2026-08-14,NAND_1Tb_TLC_KIWOOM,30.900,USD,kiwoom
2026-08-18,NAND_1Tb_TLC_KIWOOM,31.100,USD,kiwoom
2026-08-19,NAND_1Tb_TLC_KIWOOM,31.100,USD,kiwoom
2026-08-20,NAND_1Tb_TLC_KIWOOM,31.100,USD,kiwoom
2026-08-21,NAND_1Tb_TLC_KIWOOM,31.100,USD,kiwoom
2026-08-24,NAND_1Tb_TLC_KIWOOM,31.100,USD,kiwoom
2026-08-25,NAND_1Tb_TLC_KIWOOM,31.900,USD,kiwoom
2026-08-26,NAND_1Tb_TLC_KIWOOM,31.900,USD,kiwoom
2026-08-27,NAND_1Tb_TLC_KIWOOM,31.900,USD,kiwoom
2026-08-28,NAND_1Tb_TLC_KIWOOM,31.900,USD,kiwoom
2026-08-31,NAND_1Tb_TLC_KIWOOM,31.900,USD,kiwoom
2026-09-01,NAND_1Tb_TLC_KIWOOM,32.500,USD,kiwoom
2026-09-02,NAND_1Tb_TLC_KIWOOM,32.500,USD,kiwoom
2026-09-03,NAND_1Tb_TLC_KIWOOM,32.500,USD,kiwoom
2026-09-04,NAND_1Tb_TLC_KIWOOM,32.500,USD,kiwoom
2026-09-07,NAND_1Tb_TLC_KIWOOM,32.500,USD,kiwoom
2026-09-08,NAND_1Tb_TLC_KIWOOM,31.600,USD,kiwoom
2026-09-09,NAND_1Tb_TLC_KIWOOM,31.600,USD,kiwoom
2026-09-10,NAND_1Tb_TLC_KIWOOM,31.600,USD,kiwoom
2026-09-11,NAND_1Tb_TLC_KIWOOM,31.600,USD,kiwoom
2026-09-14,NAND_1Tb_TLC_KIWOOM,31.600,USD,kiwoom
2026-09-15,NAND_1Tb_TLC_KIWOOM,31.400,USD,kiwoom
2026-09-16,NAND_1Tb_TLC_KIWOOM,31.400,USD,kiwoom
2026-06-16,NAND_512Gb_TLC,20.400,USD,kiwoom
2026-06-17,NAND_512Gb_TLC,20.400,USD,kiwoom
2026-06-18,NAND_512Gb_TLC,20.400,USD,kiwoom
2026-06-19,NAND_512Gb_TLC,20.400,USD,kiwoom
2026-06-22,NAND_512Gb_TLC,20.400,USD,kiwoom
2026-06-23,NAND_512Gb_TLC,20.100,USD,kiwoom
2026-06-24,NAND_512Gb_TLC,20.100,USD,kiwoom
2026-06-25,NAND_512Gb_TLC,20.100,USD,kiwoom
2026-06-26,NAND_512Gb_TLC,20.100,USD,kiwoom
2026-06-29,NAND_512Gb_TLC,20.100,USD,kiwoom
2026-06-30,NAND_512Gb_TLC,19.900,USD,kiwoom
2026-07-01,NAND_512Gb_TLC,19.900,USD,kiwoom
2026-07-02,NAND_512Gb_TLC,19.900,USD,kiwoom
2026-07-03,NAND_512Gb_TLC,19.900,USD,kiwoom
2026-07-06,NAND_512Gb_TLC,19.900,USD,kiwoom
2026-07-07,NAND_512Gb_TLC,19.300,USD,kiwoom
2026-07-08,NAND_512Gb_TLC,19.300,USD,kiwoom
2026-07-09,NAND_512Gb_TLC,19.300,USD,kiwoom
2026-07-10,NAND_512Gb_TLC,19.300,USD,kiwoom
2026-07-13,NAND_512Gb_TLC,19.300,USD,kiwoom
2026-07-14,NAND_512Gb_TLC,19.200,USD,kiwoom
2026-07-15,NAND_512Gb_TLC,19.200,USD,kiwoom
2026-07-16,NAND_512Gb_TLC,19.200,USD,kiwoom
2026-07-20,NAND_512Gb_TLC,19.200,USD,kiwoom
2026-07-21,NAND_512Gb_TLC,18.900,USD,kiwoom
2026-07-22,NAND_512Gb_TLC,18.900,USD,kiwoom
2026-07-23,NAND_512Gb_TLC,18.900,USD,kiwoom
2026-07-24,NAND_512Gb_TLC,18.900,USD,kiwoom
2026-07-27,NAND_512Gb_TLC,18.900,USD,kiwoom
2026-07-28,NAND_512Gb_TLC,19.300,USD,kiwoom
2026-07-29,NAND_512Gb_TLC,19.300,USD,kiwoom
2026-07-30,NAND_512Gb_TLC,19.300,USD,kiwoom
2026-07-31,NAND_512Gb_TLC,19.300,USD,kiwoom
2026-08-03,NAND_512Gb_TLC,19.300,USD,kiwoom
2026-08-04,NAND_512Gb_TLC,20.100,USD,kiwoom
2026-08-05,NAND_512Gb_TLC,20.100,USD,kiwoom
2026-08-06,NAND_512Gb_TLC,20.100,USD,kiwoom
2026-08-07,NAND_512Gb_TLC,20.100,USD,kiwoom
2026-08-10,NAND_512Gb_TLC,20.100,USD,kiwoom
2026-08-11,NAND_512Gb_TLC,21.100,USD,kiwoom
2026-08-12,NAND_512Gb_TLC,21.100,USD,kiwoom
2026-08-13,NAND_512Gb_TLC,21.100,USD,kiwoom
2026-08-14,NAND_512Gb_TLC,21.100,USD,kiwoom
2026-08-18,NAND_512Gb_TLC,21.200,USD,kiwoom
2026-08-19,NAND_512Gb_TLC,21.200,USD,kiwoom
2026-08-20,NAND_512Gb_TLC,21.200,USD,kiwoom
2026-08-21,NAND_512Gb_TLC,21.200,USD,kiwoom
2026-08-24,NAND_512Gb_TLC,21.200,USD,kiwoom
2026-08-25,NAND_512Gb_TLC,20.900,USD,kiwoom
2026-08-26,NAND_512Gb_TLC,20.900,USD,kiwoom
2026-08-27,NAND_512Gb_TLC,20.900,USD,kiwoom
2026-08-28,NAND_512Gb_TLC,20.900,USD,kiwoom
2026-08-31,NAND_512Gb_TLC,20.708,USD,dramexchange
2026-09-01,NAND_512Gb_TLC,20.700,USD,kiwoom
2026-09-02,NAND_512Gb_TLC,20.700,USD,kiwoom
2026-09-03,NAND_512Gb_TLC,20.700,USD,kiwoom
2026-09-04,NAND_512Gb_TLC,20.700,USD,kiwoom
2026-09-07,NAND_512Gb_TLC,20.146,USD,dramexchange
2026-09-08,NAND_512Gb_TLC,20.100,USD,kiwoom
2026-09-09,NAND_512Gb_TLC,20.100,USD,kiwoom
2026-09-10,NAND_512Gb_TLC,20.100,USD,kiwoom
2026-09-11,NAND_512Gb_TLC,20.100,USD,kiwoom
2026-09-14,NAND_512Gb_TLC,20.083,USD,dramexchange
2026-09-15,NAND_512Gb_TLC,20.100,USD,kiwoom
2026-09-16,NAND_512Gb_TLC,20.100,USD,kiwoom
2026-09-21,NAND_512Gb_TLC,19.883,USD,dramexchange
